IdDocumentoCONPES,Titulo,Numero,FechaAprobacion,URL,URLPAS,URLOtros
4906,"Concepto Favorable a la Nación para Contratar un Empréstito Externo con la Banca Multilateral hasta por USD 10 Millones, o su Equivalente en otras Monedas, Destinado a Financiar el Proyecto de Infraestructura y Fortalecimiento Institucional ",4087,2022-05-20,https://colaboracion.dnp.gov.co/CDT/Conpes/Económicos/4087.pdf,,
4894,Fortalecimiento del Uso y la Institucionalidad de las Evaluaciones para la Toma de Decisiones en Colombia.,4083,2022-05-16,https://colaboracion.dnp.gov.co/CDT/Conpes/Económicos/4083.pdf,https://colaboracion.dnp.gov.co/CDT/Conpes/Económicos/Anexo A. PAS 4083.xlsx,
4901,"La Mojana: Territorio Resiliente, Sostenible, Productivo y Competitivo",4084,2022-05-16,https://colaboracion.dnp.gov.co/CDT/Conpes/Económicos/4084.pdf,https://colaboracion.dnp.gov.co/CDT/Conpes/Económicos/Anexo A. PAS  4084.xlsx,
4903,Política de Internacionalización para el Desarrollo Productivo Regional,4085,2022-05-16,https://colaboracion.dnp.gov.co/CDT/Conpes/Económicos/4085.pdf,https://colaboracion.dnp.gov.co/CDT/Conpes/Económicos/Anexo A. PAS 4085.xlsx,
4887,"Declaración de Importancia Estratégica de los Proyectos de Inversión para la Implementación de la Iniciativa Acceso a Internet en los Departamentos de Amazonas, Guainía, Vaupés, Vichada (Frontera Orinoquía-Amazonía) y el Archipiélago de San Andrés",4079,2022-04-18,https://colaboracion.dnp.gov.co/CDT/Conpes/Económicos/4079.pdf,https://colaboracion.dnp.gov.co/CDT/Conpes/Económicos/Anexo A. PAS 4079.xlsx,
4890,"Concepto Favorable a la Nación para contratar un empréstito externo con la banca multilateral hasta por USD 35,3 millones o su equivalente en otras monedas, destinado a financiar el proyecto de iniciativas climáticamente inteligentes para la (...)",4081,2022-04-18,https://colaboracion.dnp.gov.co/CDT/Conpes/Económicos/4081.pdf,,
4891,Declaración de Importancia Estratégica del Proyecto Construcción y Ampliación de Infraestructura Para Generación de Cupos en los Establecimientos de Reclusión del Orden (...),4082,2022-04-18,https://colaboracion.dnp.gov.co/CDT/Conpes/Económicos/4082.pdf,https://colaboracion.dnp.gov.co/CDT/Conpes/Económicos/Anexo A. PAS 4082.xlsx,
4893,Política Pública de Equidad de Género para las Mujeres: Hacia el Desarrollo Sostenible del País,4080,2022-04-18,https://colaboracion.dnp.gov.co/CDT/Conpes/Económicos/4080.pdf,https://colaboracion.dnp.gov.co/CDT/Conpes/Económicos/Anexo A. PAS 4080.xlsx,
4881,Adenda nro. 1 Documento CONPES 3918 ,Adenda 3918,2022-04-08,https://colaboracion.dnp.gov.co/CDT/Conpes/Económicos/Adenda 3918.pdf,,
4871,"Instrucciones a los Representantes de la Nación y sus Entidades para la Destinación de Utilidades de las Empresas Industriales y Comerciales del Estado Societarias y las Sociedades de Economía Mixta del Orden Nacional, con Corte a 31 de Diciembre de 2021",4074,2022-03-29,https://colaboracion.dnp.gov.co/CDT/Conpes/Económicos/4074.pdf,,
4877,Política de Transición Energética,4075,2022-03-29,https://colaboracion.dnp.gov.co/CDT/Conpes/Económicos/4075.pdf,https://colaboracion.dnp.gov.co/CDT/Conpes/Económicos/Anexo A. PAS 4075.xlsx,
4880,"Declaración de Importancia Estratégica Regional del Proyecto de Inversión Estudios, Diseños a Detalle, y Construcción de Obras de Protección y Dinámicas Hidráulicas en los Departamentos de Sucre, Córdoba, Bolívar, y Antioquia, y del Proyecto (...)",4076,2022-03-29,https://colaboracion.dnp.gov.co/CDT/Conpes/Económicos/4076.pdf,https://colaboracion.dnp.gov.co/CDT/Conpes/Económicos/Anexo A. PAS 4076.xlsx,"|https://colaboracion.dnp.gov.co/CDT/Conpes/Económicos/Anexo E. Carta Gobernaciones de Antioquia, Bolivar y Sucre 4076.pdf"
4869,Declaración de importancia estratégica del Proyecto Fortalecimiento y modernización tecnológica de la policía judicial de la Fiscalía General de la Nación para la investigación penal a nivel nacional,4073,2022-03-22,https://colaboracion.dnp.gov.co/CDT/Conpes/Económicos/4073.pdf,https://colaboracion.dnp.gov.co/CDT/Conpes/Económicos/Anexo A. PAS 4073.xlsx,
4868,"Concepto favorable a la nación para contratar empréstitos externos de libre destinación y rápido desembolso, con entidades financieras internacionales, organismos multilaterales, entidades de fomento y gobiernos, hasta por la suma de USD 3.000 millones, o",4072,2022-03-14,https://colaboracion.dnp.gov.co/CDT/Conpes/Económicos/4072.pdf,,
4864,Declaración de Importancia Estratégica del Proyecto de Inversión: Actualización y Gestión Catastral Nacional,4071,2022-01-24,https://colaboracion.dnp.gov.co/CDT/Conpes/Económicos/4071.pdf,https://colaboracion.dnp.gov.co/CDT/Conpes/Económicos/Anexo A. PAS 4071.xlsx,
4852,Reajuste de avalúos catastrales para la vigencia 2022,4066,2021-12-20,https://colaboracion.dnp.gov.co/CDT/Conpes/Económicos/4066.pdf,,
4853,Estrategia para Fortalecer el Uso de los Mecanismos de Pago por Resultados en Programas Sociales y Declaración de Importancia Estratégica del Proyecto Fortalecimiento de la Gestión de Oferta para la Superación de la Pobreza,4067,2021-12-20,https://colaboracion.dnp.gov.co/CDT/Conpes/Económicos/4067.pdf,https://colaboracion.dnp.gov.co/CDT/Conpes/Económicos/Anexo A. PAS 4067.xlsx,
4855,"Política Nacional de Lectura, Escritura, Oralidad y Bibliotecas Escolares",4068,2021-12-20,https://colaboracion.dnp.gov.co/CDT/Conpes/Económicos/4068.pdf,https://colaboracion.dnp.gov.co/CDT/Conpes/Económicos/Anexo A. PAS 4068.xlsx,
4857,Política Nacional de Ciencia Tecnología e Innovación,4069,2021-12-20,https://colaboracion.dnp.gov.co/CDT/Conpes/Económicos/4069.pdf,https://colaboracion.dnp.gov.co/CDT/Conpes/Económicos/Anexo A. PAS 4069.xlsx,
4859,Lineamientos de Política para la Implementación de un Modelo de Estado Abierto,4070,2021-12-20,https://colaboracion.dnp.gov.co/CDT/Conpes/Económicos/4070.pdf,https://colaboracion.dnp.gov.co/CDT/Conpes/Económicos/Anexo A. PAS 4070.xlsx,
4847,"Declaración de Importancia Estratégica del Proyecto de Inversión Fortalecimiento de los Sistemas Integrados de Emergencia y Seguridad SIES a Nivel Nacional para la Adquisición de Nuevas Tecnologías para el Apoyo a la Actividad Policial, la Ampliación ",4064,2021-12-07,https://colaboracion.dnp.gov.co/CDT/Conpes/Económicos/4064.pdf,https://colaboracion.dnp.gov.co/CDT/Conpes/Económicos/Anexo A. PAS 4064.xlsx,
4849,"Distribución de los Excedentes Financieros de los Establecimientos Públicos y de las Empresas Industriales y Comerciales del Estado No Societarias del Orden Nacional, al 31 de diciembre de 2020",4065,2021-12-07,https://colaboracion.dnp.gov.co/CDT/Conpes/Económicos/4065.pdf,,
4834,Declaración de importancia estratégica del Programa de Agua Potable y Alcantarillado para el departamento de La Guajira,4059,2021-11-29,https://colaboracion.dnp.gov.co/CDT/Conpes/Económicos/4059.pdf,https://colaboracion.dnp.gov.co/CDT/Conpes/Económicos/Anexo A. PAS 4059.xlsx,
4838,"Declaración de importancia estratégica del Proyecto mejoramiento de la capacidad instalada asociada a la prestación de servicios de salud nacional para la construcción, equipamiento fijo y dotación del Hospital del Golfo de Morrosquillo",4061,2021-11-29,https://colaboracion.dnp.gov.co/CDT/Conpes/Económicos/4061.pdf,https://colaboracion.dnp.gov.co/CDT/Conpes/Económicos/Anexo A. PAS 4061.xlsx,
4840,Política para el Desarrollo de Proyectos de Infraestructura de Transporte Sostenible: Quinta Generación de Concesiones Bajo el Esquema de Asociación Público Privada – Concesiones del Bicentenario,4060,2021-11-29,https://colaboracion.dnp.gov.co/CDT/Conpes/Económicos/4060.pdf,https://colaboracion.dnp.gov.co/CDT/Conpes/Económicos/Anexo A. PAS 4060.xlsx,
4842,Política Nacional de Propiedad Intelectual,4062,2021-11-29,https://colaboracion.dnp.gov.co/CDT/Conpes/Económicos/4062.pdf,https://colaboracion.dnp.gov.co/CDT/Conpes/Económicos/Anexo A. PAS 4062.xlsx,
4845,Política Pública de Garantías y Respeto a la Labor de Defensa de los Derechos Humanos y el Liderazgo Social,4063,2021-11-29,https://colaboracion.dnp.gov.co/CDT/Conpes/Económicos/4063.pdf,https://colaboracion.dnp.gov.co/CDT/Conpes/Económicos/Anexo A. PAS 4063.xlsx,
4828,Política pública para reducir las condiciones de riesgo de desastres y adaptarse a los fenómenos de variabilidad climática,4058,2021-10-27,https://colaboracion.dnp.gov.co/CDT/Conpes/Económicos/4058.pdf,https://colaboracion.dnp.gov.co/CDT/Conpes/Económicos/PAS 4058.xlsx,
4825,"Concepto favorable a la Nación para contratar un empréstito externo con la banca multilateral hasta por USD 80 millones, o su equivalente en otras monedas, destinado al financiamiento parcial de apropiaciones presupuestales del Ministerio de Educación",4057,2021-10-22,https://colaboracion.dnp.gov.co/CDT/Conpes/Económicos/4057.pdf,,|https://colaboracion.dnp.gov.co/CDT/Conpes/Económicos/4057_Fe de erratas.pdf
4816,Declaración de Importancia Estratégica del Proyecto de Inversión Apoyo Financiero para Facilitar el Acceso a los Servicios de Agua Potable y Manejo de Aguas Residuales a Nivel Nacional para la Ejecución del Programa Implementación de la Fase I del Plan,4053,2021-10-08,https://colaboracion.dnp.gov.co/CDT/Conpes/Económicos/4053.pdf,https://colaboracion.dnp.gov.co/CDT/Conpes/Económicos/PAS 4053.xlsx,
4818,Declaración de Importancia Estratégica del Proyecto Saneamiento de Vertimientos en Cuencas Priorizadas del Territorio Nacional – Saneamiento de Vertimientos de la Cuenta Otún-Consota,4054,2021-10-08,https://colaboracion.dnp.gov.co/CDT/Conpes/Económicos/4054.pdf,https://colaboracion.dnp.gov.co/CDT/Conpes/Económicos/PAS 4054.xlsx,
4820,Declaración de Importancia Estratégica del Proyecto de Inversión Apoyo para Fomentar el Acceso con Calidad a la Educación Superior a través de Incentivos a la Demanda en Colombia para Financiar las Cohortes 2021-2022 del Programa Generación E,4055,2021-10-08,https://colaboracion.dnp.gov.co/CDT/Conpes/Económicos/4055.pdf,https://colaboracion.dnp.gov.co/CDT/Conpes/Económicos/PAS 4055.xlsx,
4822,"Declaración de Importancia Estratégica del Proyecto de Inversión Construcción, Mejoramiento, y Dotación de Espacios de Aprendizaje para la Prestación del Servicio Educativo e Implementación de Estrategias de Calidad y Cobertura Nacional.",4056,2021-10-08,https://colaboracion.dnp.gov.co/CDT/Conpes/Económicos/4056.pdf,https://colaboracion.dnp.gov.co/CDT/Conpes/Económicos/PAS 4056.xlsx,
4801,Lineamientos de Política de Riesgo Contractual del Estado para Proyectos de Sistemas Férreos de Carga con Participación Privada en el País,4047,2021-09-27,https://colaboracion.dnp.gov.co/CDT/Conpes/Económicos/4047.pdf,,
4802,"Política Pública para el Desarrollo del Distrito Especial de Santa Cruz de Mompox, Patrimonio Turístico, Cultural e Histórico de Colombia, a través del Impulso de sus Condiciones Características ",4046,2021-09-27,https://colaboracion.dnp.gov.co/CDT/Conpes/Económicos/4046.pdf,https://colaboracion.dnp.gov.co/CDT/Conpes/Económicos/PAS 4046.xlsx,
4803,Declaración de Importancia Estratégica del Proyecto Incremento del Valor por Dinero que Obtiene el Estado en la Compra Pública Nacional ,4048,2021-09-27,https://colaboracion.dnp.gov.co/CDT/Conpes/Económicos/4048.pdf,https://colaboracion.dnp.gov.co/CDT/Conpes/Económicos/PAS 4048.xlsx,
4805,Declaración de Importancia Estratégica del Proyecto de Inversión Contribución con Acciones de Promoción y Prevención en el Componente de Alimentación y Nutrición para la Población Colombiana a Nivel Nacional,4049,2021-09-27,https://colaboracion.dnp.gov.co/CDT/Conpes/Económicos/4049.pdf,https://colaboracion.dnp.gov.co/CDT/Conpes/Económicos/PAS 4049.xlsx,
4807,Política para la Consolidación del Sistema Nacional de Áreas Protegidas SINAP,4050,2021-09-27,https://colaboracion.dnp.gov.co/CDT/Conpes/Económicos/4050.pdf,https://colaboracion.dnp.gov.co/CDT/Conpes/Económicos/PAS 4050.xlsx,
4809,Política Pública para el Desarrollo de la Economía Solidaria,4051,2021-09-27,https://colaboracion.dnp.gov.co/CDT/Conpes/Económicos/4051.pdf,https://colaboracion.dnp.gov.co/CDT/Conpes/Económicos/PAS 4051.xlsx,
4824,​Política para la Sostenibilidad de la Caficultura Colombiana,4052,2021-09-27,https://colaboracion.dnp.gov.co/CDT/Conpes/Económicos/4052.pdf,https://colaboracion.dnp.gov.co/CDT/Conpes/Económicos/PAS 4052.xlsx,
4795,"Declaración de importancia estratégica de los proyectos de inversión relacionados con la Política Pública de Catastro Multipropósito: Actualización y Gestión Catastral Nacional, e Implementación del Sistema Nacional Catastral Multipropósito Desde el De",4044,2021-09-03,https://colaboracion.dnp.gov.co/CDT/Conpes/Económicos/4044.pdf,https://colaboracion.dnp.gov.co/CDT/Conpes/Económicos/PAS 4044.xlsx,
4797,"Concepto favorable a la Nación para contratar un crédito externo con la banca multilateral hasta por USD 30 millones, o su equivalente en otras monedas, destinado a financiar el Programa de Transformación Digital de la Contraloría General de la República",4045,2021-09-03,https://colaboracion.dnp.gov.co/CDT/Conpes/Económicos/4045.pdf,,
4788,Declaración de importancia estratégica del proyecto de inversión Mejoramiento e Integración de la Información en la Gestión Financiera Pública Nacional,4041,2021-08-09,https://colaboracion.dnp.gov.co/CDT/Conpes/Económicos/4041.pdf,https://colaboracion.dnp.gov.co/CDT/Conpes/Económicos/PAS 4041.xlsx,
4790,"Política Nacional Antilavado de Activos, Contra la Financiación del Terrorismo y Contra la Financiación de la Proliferación de Armas de Destrucción Masiva",4042,2021-08-09,https://colaboracion.dnp.gov.co/CDT/Conpes/Económicos/4042.pdf,https://colaboracion.dnp.gov.co/CDT/Conpes/Económicos/PAS 4042.xlsx,
4792,​Pacto Colombia con las Juventudes: ​Estrategia para Fortalecer el Desarrollo Integral de la Juventud,4040,2021-08-09,https://colaboracion.dnp.gov.co/CDT/Conpes/Económicos/4040.pdf,https://colaboracion.dnp.gov.co/CDT/Conpes/Económicos/PAS 4040.xlsx,
4784,"Declaración de importancia estratégica del proyecto del Programa Vías para conectar territorios, el crecimiento sostenible y la reactivación",4039,2021-07-26,https://colaboracion.dnp.gov.co/CDT/Conpes/Económicos/4039.pdf,https://colaboracion.dnp.gov.co/CDT/Conpes/Económicos/PAS 4039.xlsx,
4780,"Declaración de importancia estratégica del proyecto Apoyo al desarrollo de proyectos a través del fondo regional para los contratos plan, ahora pactos territoriales",4037,2021-07-19,https://colaboracion.dnp.gov.co/CDT/Conpes/Económicos/4037.pdf,https://colaboracion.dnp.gov.co/CDT/Conpes/Económicos/PAS 4037.xlsx,|https://colaboracion.dnp.gov.co/CDT/Conpes/Económicos/4037_Fe de erratas.pdf
4782,Declaración de importancia estratégica del proyecto Mejoramiento de la Capacidad Instalada Asociada a la Prestación de Servicios de Salud Nacional que permita la construcción y dotación del Hospital Regional de Alta Complejidad Carolina Larrarte - Nues,4038,2021-07-19,https://colaboracion.dnp.gov.co/CDT/Conpes/Económicos/4038.pdf,https://colaboracion.dnp.gov.co/CDT/Conpes/Económicos/PAS 4038.xlsx,
4861,Marco de Gasto de Mediano Plazo 2022-2025,4035,2021-07-14,https://colaboracion.dnp.gov.co/CDT/Conpes/Económicos/4035.pdf,,
4862,"Plan Operativo Anual de Inversiones, Vigencia 2022",4036,2021-07-14,https://colaboracion.dnp.gov.co/CDT/Conpes/Económicos/4036.pdf,,
4779,Apoyo del Gobierno Nacional a la actualización del Programa Integral de Movilidad de la Región Bogotá-Cundinamarca (PIMRC),4034,2021-07-11,https://colaboracion.dnp.gov.co/CDT/Conpes/Económicos/4034.pdf,https://colaboracion.dnp.gov.co/CDT/Conpes/Económicos/PAS 4034.xlsx,
4867,Meta de Balance Primario y Nivel de Deuda del Sector Público No Financiero (SPNF) para 2022,4033,2021-06-13,https://colaboracion.dnp.gov.co/CDT/Conpes/Económicos/4033.pdf,,
4772,Declaración de Importancia Estratégica de la Fase I del Proyecto Ministerios (Manzana 6),4032,2021-06-11,https://colaboracion.dnp.gov.co/CDT/Conpes/Económicos/4032.pdf,https://colaboracion.dnp.gov.co/CDT/Conpes/Económicos/PAS 4032.xlsx,
4774,Política Nacional de Atención y Reparación Integral a Las Víctimas​​,4031,2021-06-11,https://colaboracion.dnp.gov.co/CDT/Conpes/Económicos/4031.pdf,https://colaboracion.dnp.gov.co/CDT/Conpes/Económicos/PAS 4031.xlsx,
4771,"Concepto favorable a la Nación para contratar empréstitos externos de libre destinación y rápido desembolso, entre estos, líneas de crédito contingentes ante la ocurrencia de desastres de origen natural, con entidades financieras internacionales, organ",4030,2021-06-04,https://colaboracion.dnp.gov.co/CDT/Conpes/Económicos/4030.pdf,,
4765,"Instrucciones a los representantes de la Nación y sus entidades para la destinación de utilidades de las empresas industriales y comerciales del estado societarias y las sociedades de economía mixta del orden nacional, con corte a 31 de diciembre de 2020",4029,2021-03-26,https://colaboracion.dnp.gov.co/CDT/Conpes/Económicos/4029.pdf,,|https://colaboracion.dnp.gov.co/CDT/Conpes/Económicos/4029_Adenda.pdf
4763,Lineamientos de política de riesgo contractual del Estado para proyectos de infraestructura en vías fluviales y canales navegables con participación privada,4028,2021-03-16,https://colaboracion.dnp.gov.co/CDT/Conpes/Económicos/4028.pdf,,
4764,"Concepto favorable a la Nación para contratar un empréstito externo con la banca multilateral hasta por USD 100 millones, o su equivalente en otras monedas, destinado a financiar el Programa de Vivienda Resiliente e Incluyente en Colombia ",4027,2021-03-16,https://colaboracion.dnp.gov.co/CDT/Conpes/Económicos/4027.pdf,,
4758,"Concepto favorable a la Nación para contratar una operación de crédito público externo con la banca multilateral hasta por USD 100 Millones, o su equivalente en otras monedas, destinados a financiar el Programa para la Transformación Digital de la Justici",4024,2021-03-08,https://colaboracion.dnp.gov.co/CDT/Conpes/Económicos/4024.pdf,,
4759,"Declaración de Importancia Estratégica del Proyecto Construcción del Aeropuerto del Café - Etapa I, Palestina ",4026,2021-03-08,https://colaboracion.dnp.gov.co/CDT/Conpes/Económicos/4026.pdf,https://colaboracion.dnp.gov.co/CDT/Conpes/Económicos/PAS 4026.xlsx,
4761,"Concepto favorable a la Nación para contratar un empréstito externo con la banca multilateral hasta por USD 15 millones, o su equivalente en otras monedas destinado a financiar el Programa para la Consolidación de Esquemas de Participación Privada en Infr",4025,2021-03-08,https://colaboracion.dnp.gov.co/CDT/Conpes/Económicos/4025.pdf,,
4753,"Política para la reactivación, la repotenciación y el crecimiento sostenible e incluyente: Nuevo compromiso por el futuro de Colombia",4023,2021-02-11,https://colaboracion.dnp.gov.co/CDT/Conpes/Económicos/4023.pdf,https://colaboracion.dnp.gov.co/CDT/Conpes/Económicos/PAS 4023.xlsx,
4743,Reajuste de avalúos catastrales para la vigencia 2021,4020,2020-12-21,https://colaboracion.dnp.gov.co/CDT/Conpes/Económicos/4020.pdf,,
4747,Política Nacional para el Control de la Deforestación y la Gestión Sostenible de los Bosques,4021,2020-12-21,https://colaboracion.dnp.gov.co/CDT/Conpes/Económicos/4021.pdf,https://colaboracion.dnp.gov.co/CDT/Conpes/Económicos/PAS 4021.xlsx,
4741,Declaración de importancia estratégica del proyecto Saneamiento de Vertimientos en Cuencas Priorizadas del Territorio Nacional – Saneamiento de Vertimientos de la Cuenca Otún-Consota.,4019,2020-12-18,https://colaboracion.dnp.gov.co/CDT/Conpes/En elaboración/4019.pdf,https://colaboracion.dnp.gov.co/CDT/Conpes/En elaboración/PAS 4019.xlsx,
4736,Declaración de importancia estratégica del proyecto Sistema Estratégico de Transporte Público (SETP) de Ibagué ,4017,2020-12-10,https://colaboracion.dnp.gov.co/CDT/Conpes/Económicos/4017.pdf,,
4738,Declaración de importancia estratégica del proyecto Implementación Sistema Integrado de Transporte Masivo de Cali,4018,2020-12-10,https://colaboracion.dnp.gov.co/CDT/Conpes/Económicos/4018.pdf,https://colaboracion.dnp.gov.co/CDT/Conpes/Económicos/PAS 4018.xlsx,
4734,"Concepto favorable a la Nación para contratar un empréstito externo con la banca multilateral hasta por USD 15 millones, o su equivalente en otras monedas, destinado a financiar el Programa de Apoyo a la Implementación de la Nueva Política Nacional Logíst",4015,2020-12-04,https://colaboracion.dnp.gov.co/CDT/Conpes/Económicos/4015.pdf,,
4735,"Distribución de los excedentes financieros de los establecimientos públicos y de las empresas industriales y comerciales del Estado no societarias del orden nacional, al 31 de diciembre de 2019.",4016,2020-12-04,https://colaboracion.dnp.gov.co/CDT/Conpes/Económicos/4016.pdf,,
4723,Política Nacional de Emprendimiento,4011,2020-11-30,https://colaboracion.dnp.gov.co/CDT/Conpes/Económicos/4011.pdf,https://colaboracion.dnp.gov.co/CDT/Conpes/Económicos/PAS 4011.xlsx,
4725,Política Nacional de Comercio Electrónico,4012,2020-11-30,https://colaboracion.dnp.gov.co/CDT/Conpes/Económicos/4012.pdf,https://colaboracion.dnp.gov.co/CDT/Conpes/Económicos/PAS 4012.xlsx,
4729,"	Declaración de importancia estratégica del Compromiso por Colombia: Programa Vías para la Legalidad y la Reactivación, Visión 2030",4010,2020-11-30,https://colaboracion.dnp.gov.co/CDT/Conpes/Económicos/4010.pdf,https://colaboracion.dnp.gov.co/CDT/Conpes/Económicos/PAS 4010.xlsx,
4730,Declaración de importancia estratégica del proyecto de inversión Apoyo para Fomentar el acceso con calidad a la educación superior a través de incentivos a la demanda en Colombia ,4013,2020-11-30,https://colaboracion.dnp.gov.co/CDT/Conpes/Económicos/4013.pdf,https://colaboracion.dnp.gov.co/CDT/Conpes/Económicos/PAS 4013.xlsx,
4717,Estrategia para el fortalecimiento de la Gobernanza en el Sistema de Administración del Territorio,4007,2020-10-26,https://colaboracion.dnp.gov.co/CDT/Conpes/Económicos/4007.pdf,https://colaboracion.dnp.gov.co/CDT/Conpes/Económicos/PAS 4007.xlsx,
4719,Política Nacional de Información para la Gestión Financiera Pública ,4008,2020-10-26,https://colaboracion.dnp.gov.co/CDT/Conpes/Económicos/4008.pdf,https://colaboracion.dnp.gov.co/CDT/Conpes/Económicos/PAS 4008.xlsx,
4712,Economía circular en la gestión de los servicios de agua potable y manejo de aguas residuales,4004,2020-09-28,https://colaboracion.dnp.gov.co/CDT/Conpes/Económicos/4004.pdf,https://colaboracion.dnp.gov.co/CDT/Conpes/Económicos/PAS 4004.xlsx,
4714,Política Nacional de Inclusión y Educación Financiera.,4005,2020-09-28,https://colaboracion.dnp.gov.co/CDT/Conpes/Económicos/4005.pdf,https://colaboracion.dnp.gov.co/CDT/Conpes/Económicos/PAS 4005.xlsx,
4716,"Concepto favorable a la Nación para contratar un empréstito externo con la banca multilateral hasta por USD 50 millones, o su equivalente en otras monedas, destinado a financiar el programa para desarrollar habilidades del siglo 21 en la adolescencia y la",4006,2020-09-28,https://colaboracion.dnp.gov.co/CDT/Conpes/Económicos/4006.pdf,,
4705,"Modificación del Documento CONPES 3897 “Modificación del Documento CONPES 3848 Importancia estratégica del programa de cobertura condicionada de tasa de interés para créditos de vivienda no VIS, Frech no VIS”",4002,2020-08-25,https://colaboracion.dnp.gov.co/CDT/Conpes/Económicos/4002.pdf,https://colaboracion.dnp.gov.co/CDT/Conpes/Económicos/PAS 4002.xlsx,
4695,Lineamientos de política de riesgo contractual del Estado para proyectos aeroportuarios con participación privada,4000,2020-08-05,https://colaboracion.dnp.gov.co/CDT/Conpes/Económicos/4000.pdf,,
4696,Declaración de importancia estratégica del Proyecto nacional acceso universal a las tecnologías de la información y las comunicaciones en zonas rurales o apartadas,4001,2020-08-05,https://colaboracion.dnp.gov.co/CDT/Conpes/Económicos/4001.pdf,https://colaboracion.dnp.gov.co/CDT/Conpes/Económicos/PAS 4001.xlsx,
4701,"Estrategia de respuesta inicial ante los efectos de la pandemia del COVID-19 sobre la salud pública, los hogares, el aparato productivo y las finanzas públicas",3999,2020-08-05,https://colaboracion.dnp.gov.co/CDT/Conpes/Económicos/3999.pdf,https://colaboracion.dnp.gov.co/CDT/Conpes/Económicos/PAS 3999.xlsx,|https://colaboracion.dnp.gov.co/CDT/Conpes/Económicos/Fe de erratas 3999.pdf
4762,Meta de balance primario y nivel de deuda del sector público no financiero (SPNF) para 2021,3994,2020-07-26,https://colaboracion.dnp.gov.co/CDT/Conpes/Económicos/3994.pdf,,
4745,Marco de Gasto de Mediano Plazo 2021 - 2024,3997,2020-07-14,https://colaboracion.dnp.gov.co/CDT/Conpes/Económicos/3997.pdf,,
4746,"Plan Operativo Anual de Inversiones, vigencia 2021",3998,2020-07-14,https://colaboracion.dnp.gov.co/CDT/Conpes/Económicos/3998.pdf,,
4692,Política Nacional de Confianza y Seguridad Digital,3995,2020-07-01,https://colaboracion.dnp.gov.co/CDT/Conpes/Económicos/3995.pdf,https://colaboracion.dnp.gov.co/CDT/Conpes/Económicos/PAS 3995.xlsx,
4694,Lineamientos de política para la aplicación e implementación de la contribución nacional de valorización como fuente de pago para la infraestructura nacional,3996,2020-07-01,https://colaboracion.dnp.gov.co/CDT/Conpes/Económicos/3996.pdf,,
4690,Concepto favorable para el Programa de Apoyo a la Modernización de la Dirección de Impuestos y Aduanas Nacionales (DIAN) ,3993,2020-06-12,https://colaboracion.dnp.gov.co/CDT/Conpes/Económicos/3993.pdf,https://colaboracion.dnp.gov.co/CDT/Conpes/Económicos/Anexo A. PAS 3993.xlsx,
4681,Política Nacional de Movilidad Urbana y Regional,3991,2020-04-14,https://colaboracion.dnp.gov.co/CDT/Conpes/Económicos/3991.pdf,https://colaboracion.dnp.gov.co/CDT/Conpes/Económicos/Anexo A. PAS 3991.xlsx,
4685,Estrategia para la Promoción de la Salud Mental en Colombia,3992,2020-04-14,https://colaboracion.dnp.gov.co/CDT/Conpes/Económicos/3992.pdf,https://colaboracion.dnp.gov.co/CDT/Conpes/Económicos/Anexo A. PAS 3992.xlsx,
4678,Tecnologías para Aprender: Política nacional para impulsar la innovación en las prácticas educativas a través de las tecnologías digitales,3988,2020-03-31,https://colaboracion.dnp.gov.co/CDT/Conpes/Económicos/3988.pdf,https://colaboracion.dnp.gov.co/CDT/Conpes/Económicos/Anexo A. PAS 3988.xlsx,
4680,"Concepto favorable a la Nación para contratar un empréstito externo con la banca multilateral hasta por la suma de USD 50 millones, o su equivalente en otras monedas, destinado al financiamiento del Programa de Agua Potable y Saneamiento en La Guajira",3989,2020-03-31,https://colaboracion.dnp.gov.co/CDT/Conpes/Económicos/3989.pdf,,
4687,Colombia potencia bioceánica sostenible 2030,3990,2020-03-31,https://colaboracion.dnp.gov.co/CDT/Conpes/Económicos/3990.pdf,https://colaboracion.dnp.gov.co/CDT/Conpes/Económicos/Anexo A. PAS 3990.xlsx,
4677,"Instrucciones a los representantes de la Nación y sus entidades para la destinación de utilidades de las empresas industriales y comerciales del Estado societarias y las sociedades de economía mixta del orden nacional, con corte a 31 de diciembre de 2019",3987,2020-03-25,https://colaboracion.dnp.gov.co/CDT/Conpes/Económicos/3987.pdf,,
4674,Determinación de los montos asociados al pasivo pensional y prestacional de Electricaribe S.A. E.S.P y del pasivo asociado al fondo empresarial de la Superintendencia de Servicios Públicos Domiciliarios,3985,2020-03-12,https://colaboracion.dnp.gov.co/CDT/Conpes/Económicos/3985.pdf,,
4675,Estrategia para la implementación del mecanismo de compensación del impuesto a las ventas (IVA) a favor de la población más pobre y vulnerable,3986,2020-03-12,https://colaboracion.dnp.gov.co/CDT/Conpes/Económicos/3986.pdf,https://colaboracion.dnp.gov.co/CDT/Conpes/Económicos/PAS_3986.xlsx,
4669,"Extensión de la vigencia de la medida correctiva de asunción temporal de la competencia de la prestación de los servicios de salud, educación, alimentación escolar y agua potable y saneamiento básico en el departamento de La Guajira",3984,2020-02-20,https://colaboracion.dnp.gov.co/CDT/Conpes/Económicos/3984.pdf,https://colaboracion.dnp.gov.co/CDT/Conpes/Económicos/Anexo B. Informe de evaluación salud.pdf,|https://colaboracion.dnp.gov.co/CDT/Conpes/Económicos/Anexo C. Informe de evaluación educación.pdf|https://colaboracion.dnp.gov.co/CDT/Conpes/Económicos/Anexo D. Informe de evaluación alimentación escolar.pdf|https://colaboracion.dnp.gov.co/CDT/Conpes/Económicos/Anexo E. Informe de evaluación agua y saneamiento básico.pdf
4652,Política de Desarrollo Espacial: condiciones habilitantes para el impulso de la competitividad nacional ,3983,2020-01-13,https://colaboracion.dnp.gov.co/CDT/Conpes/Económicos/3983.pdf,https://colaboracion.dnp.gov.co/CDT/Conpes/Económicos/PAS_3983.xlsx,
4660,Política Nacional Logística,3982,2020-01-13,https://colaboracion.dnp.gov.co/CDT/Conpes/Económicos/3982.pdf,https://colaboracion.dnp.gov.co/CDT/Conpes/Económicos/PAS_3982.xlsx,
4646,"Declaración de importancia estratégica del proyecto ""Capacitación de Recursos Humanos para la Investigación Nacional""",3981,2019-12-23,https://colaboracion.dnp.gov.co/CDT/Conpes/Económicos/3981.pdf,https://colaboracion.dnp.gov.co/CDT/Conpes/Económicos/Anexo A. Plan de Acción y Seguimiento_3981.xlsx,
4645,Reajuste avalúos catastrales vigencia 2020,3980,2019-12-20,https://colaboracion.dnp.gov.co/CDT/Conpes/Económicos/3980.pdf,,
4643,"Distribución de los excedentes de los establecimientos públicos y las empresas industriales y comerciales del Estado no societarias del orden nacional, al 31 de diciembre de 2018",3979,2019-12-13,https://colaboracion.dnp.gov.co/CDT/Conpes/Económicos/3979.pdf,,
4639,"Modificación del Documento CONPES 3959 Instrucciones a los representantes de la nación y sus entidades para destinación de utilidades de las EICE societarias y SEM del orden nacional, con corte a 31 de diciembre de 2018",3978,2019-12-09,https://colaboracion.dnp.gov.co/CDT/Conpes/Económicos/3978.pdf,,
4640,"Declaración importancia estratégica Programa Cobertura a Tasa de Interés, Programa Mi Casa Ya y Semillero de Propietarios ",3977,2019-12-09,https://colaboracion.dnp.gov.co/CDT/Conpes/Económicos/3977.pdf,https://colaboracion.dnp.gov.co/CDT/Conpes/Económicos/2019-12-09_Anexo A. PAS Documento CONPES Vivienda_VPublicación.xlsx,
4638,"Concepto favorable Nación para contratar empréstitos externos con la banca multilateral hasta por USD 300 millones, destinados al financiamiento del ""Programa para mejorar la sostenibilidad del sistema de salud en Colombia con enfoque inclusivo""",3976,2019-12-02,https://colaboracion.dnp.gov.co/CDT/Conpes/Económicos/3976.pdf,,
4635,Política Nacional para la Transformación Digital e Inteligencia Artificial,3975,2019-11-08,https://colaboracion.dnp.gov.co/CDT/Conpes/Económicos/3975.pdf,https://colaboracion.dnp.gov.co/CDT/Conpes/Económicos/Anexo A. PAS Documento CONPES 3975.xlsx,
4633,"Concepto favorable a la nación para contratar un empréstito externo con la banca multilateral hasta por USD 24 millones, o su equivalente en otras monedas, destinado a financiar el programa de apoyo a la diversificación e internacionalización (...)",3973,2019-10-18,https://colaboracion.dnp.gov.co/CDT/Conpes/Económicos/3973.pdf,,
4634,"Concepto favorable a la nación para contratar un empréstito externo con la banca multilateral hasta por USD 20 millones, o su equivalente en otras monedas, destinado a financiar el programa para fortalecer políticas de empleo",3974,2019-10-18,https://colaboracion.dnp.gov.co/CDT/Conpes/Económicos/3974.pdf,,
4631,"Concepto favorable a la nación para contratar un empréstito externo con la banca multilateral hasta por USD 15 millones, o su equivalente en otras monedas, destinado a financiar el programa de fortalecimiento de la Agencia Nacional de Defensa Jurídica del",3971,2019-10-11,https://colaboracion.dnp.gov.co/CDT/Conpes/Económicos/3971.pdf,,
4632,"Concepto favorable a la Nación para otorgar garantía al Banco de Comercio Exterior de Colombia S.A. (Bancóldex) para contratar operaciones de crédito público externo con organismos multilaterales, gobiernos, fondos y otras entidades de apoyo internacional",3972,2019-10-11,https://colaboracion.dnp.gov.co/CDT/Conpes/Económicos/3972.pdf,,
4628,"Concepto favorable a la nación para otorgar garantía y celebrar operaciones asimiladas a operaciones de crédito público externo a favor de la Financiera de Desarrollo Nacional (FDN) hasta por la suma de USD 53,3 millones, o su equivalente (...)",3969,2019-09-13,https://colaboracion.dnp.gov.co/CDT/Conpes/Económicos/3969.pdf,,
4630,"Concepto favorable a la nación para contratar un empréstito externo con la banca multilateral hasta por USD 60 millones, o su equivalente en otras monedas, destinado a financiar el programa de apoyo para la mejora de las trayectorias educativas (...)",3970,2019-09-13,https://colaboracion.dnp.gov.co/CDT/Conpes/Económicos/3970.pdf,https://colaboracion.dnp.gov.co/CDT/Conpes/Económicos/Fe de erratas 3970_Vpublicación.pdf,
4626,"Declaración de importancia estratégica del proyecto de desarrollo, masificación y acceso a internet nacional, a través de la fase II de la iniciativa de incentivos a la demanda de acceso a internet",3968,2019-08-30,https://colaboracion.dnp.gov.co/CDT/Conpes/Económicos/3968.pdf,https://colaboracion.dnp.gov.co/CDT/Conpes/Económicos/Anexo A. PAS Documento CONPES 3968.xlsx,
4625,"Modificación del Documento CONPES 3933 “Concepto favorable a la nación para otorgar garantía al Fondo Empresarial, creado por la ley 812 de 2003, para contratar operaciones pasivas de crédito hasta por la suma de 735.000 millones de pesos (...)",3966,2019-07-19,https://colaboracion.dnp.gov.co/CDT/Conpes/Económicos/3966.pdf,,
4648,"Plan Operativo Anual de Inversiones, vigencia 2020",3964,2019-07-14,https://colaboracion.dnp.gov.co/CDT/Conpes/Económicos/3964.pdf,,
4662,Marco de Gasto de Mediano Plazo 2020-2023,3965,2019-07-14,https://colaboracion.dnp.gov.co/CDT/Conpes/Económicos/3965.pdf,,
4621,Política para la Modernización del Sector Transporte Automor de Carga,3963,2019-06-28,https://colaboracion.dnp.gov.co/CDT/Conpes/Económicos/3963.pdf,https://colaboracion.dnp.gov.co/CDT/Conpes/Económicos/Anexo A. PAS Documento CONPES 3963.xlsx,
4650,Meta de balance primario y nivel de deuda del sector público no financiero (SPNF) para 2020,3962,2019-06-12,https://colaboracion.dnp.gov.co/CDT/Conpes/Económicos/3962.pdf,,
4616,Lineamientos de política de riesgo contractual del Estado para proyectos de sistemas férreos de pasajeros cofinanciados por la Nación,3961,2019-05-28,https://colaboracion.dnp.gov.co/CDT/Conpes/Económicos/3961.pdf,,
4615,"Concepto favorable a la Nación para contratar un empréstito externo con banca multilateral hasta por USD15 millones, destinado a financiar Programa Fortalecimiento de Capacidades de Gestión Estratégica del Sector Público",3960,2019-05-17,https://colaboracion.dnp.gov.co/CDT/Conpes/Económicos/3960.pdf,,
4614,"Instrucciones a representantes de la nación y sus entidades  para la destinación de utilidades de empresas industriales y comerciales del Estado (EICE) societarias y de sociedades de economía mixta (SEM), corte 31 de diciembre de 2018",3959,2019-04-11,https://colaboracion.dnp.gov.co/CDT/Conpes/Económicos/3959.pdf,,
4612,Estrategia para la implementación de la política pública de catastro multipropósito,3958,2019-03-26,https://colaboracion.dnp.gov.co/CDT/Conpes/Económicos/3958.pdf,https://colaboracion.dnp.gov.co/CDT/Conpes/Económicos/Anexo A_Plan de acción y seguimiento_3958.xlsx,
4607,Política Nacional de Laboratorios,3957,2019-01-08,https://colaboracion.dnp.gov.co/CDT/Conpes/Económicos/3957.pdf,https://colaboracion.dnp.gov.co/CDT/Conpes/Económicos/Anexo A_ Plan de Acción y Seguimiento_3957.xlsx,
4609,Política de Formalización Empresarial,3956,2019-01-08,https://colaboracion.dnp.gov.co/CDT/Conpes/Económicos/3956.pdf,https://colaboracion.dnp.gov.co/CDT/Conpes/Económicos/Anexo A_Plan de Acción y Seguimiento_3956.xlsx,
4597,Estrategia para el fortalecimiento de la acción comunal en Colombia,3955,2018-12-31,https://colaboracion.dnp.gov.co/CDT/Conpes/Económicos/3955.pdf,https://colaboracion.dnp.gov.co/CDT/Conpes/Económicos/Anexo A_Plan de Acción y Seguimiento_3955.xlsx,
4594,Reajuste de avalúos catastrales para la vigencia 2019,3954,2018-12-21,https://colaboracion.dnp.gov.co/CDT/Conpes/Económicos/3954.pdf,,
4592,"Distribución de los excedentes financieros de los establecimientos públicos y de las empresas industriales comerciales del Estado no societarias, del orden nacional, al 31 de diciembre de 2017",3953,2018-12-13,https://colaboracion.dnp.gov.co/CDT/Conpes/Económicos/3953.pdf,,
4591,"Concepto favorable Nación para contratar empréstitos de libre destinación y rápido desembolso, hasta por USD 3.200 millones, para financiar apropiaciones presupuestales del Gobierno nacional",3952,2018-11-30,https://colaboracion.dnp.gov.co/CDT/Conpes/Económicos/3952.pdf,,
4589,"Concepto favorable a la Nación para contratar operaciones de crédito externo con la banca multilateral hasta por USD 150 millones, para financiar parcialmente  programa para la adopción e implementación de un catastro multipropósito urbano-rural",3951,2018-11-26,https://colaboracion.dnp.gov.co/CDT/Conpes/Económicos/3951.pdf,,
4587,Estrategia para la atención de la migración desde Venezuela,3950,2018-11-23,https://colaboracion.dnp.gov.co/CDT/Conpes/Económicos/3950.pdf,https://colaboracion.dnp.gov.co/CDT/Conpes/Económicos/Anexo A. Plan de Acción y Seguimiento_3950.xlsx,
4585,Concepto favorable Nación para contratar empréstitos externos hasta por 40 millones de euros para el financiamiento parcial del programa SAVER cuencas Chinchiná y Otún-Consota,3948,2018-11-14,https://colaboracion.dnp.gov.co/CDT/Conpes/Económicos/3948.pdf,,
4586,"Concepto favorable Nación para contratar empréstito externo con la banca multilateral hasta por la suma de USD 76 millones, para finanaciar la ""Implementación de fase I del Plan Maestro de Alcantarillado y obras complementarias acueducto de Buenaventura""",3949,2018-11-14,https://colaboracion.dnp.gov.co/CDT/Conpes/Económicos/3949.pdf,,
4583,Estrategias de actuación y coordinación para reducir las afectaciones ante la eventual ocurrencia de un fenómeno de variabilidad climática: El Niño 2018 - 2019,3947,2018-10-29,https://colaboracion.dnp.gov.co/CDT/Conpes/Económicos/3947.pdf,https://colaboracion.dnp.gov.co/CDT/Conpes/Económicos/Anexo A_Plan de Acción y Seguimiento (PAS)_3947.xlsx,
4576,Modficación del Documento CONPES 3657 Concepto favorable a la nación para contratar empréstitos externos hasta por USD 2.006 millones destinados a financiar parcialmente los aportes de la nación de los SITM y SETP,3946,2018-09-17,https://colaboracion.dnp.gov.co/CDT/Conpes/Económicos/3946.pdf,https://colaboracion.dnp.gov.co/CDT/Conpes/Económicos/Adenda No1 Documento CONPES 3946.pdf,
4563,"Apoyo Gobierno nacional a Sistema de Transporte Público de Bogotá  y Declaración de importancia estratégica ""Construcción del tramo 1 PLMB"" del cual hacen parte las troncales alimentadoras Av.68 y Av. Ciudad de Cali",3945,2018-08-04,https://colaboracion.dnp.gov.co/CDT/Conpes/Económicos/3945.pdf,https://colaboracion.dnp.gov.co/CDT/Conpes/Económicos/Anexo A. Plan de Acción y Seguimiento_3945.xlsx,
4579,Estrategia para el Desarrollo Integral del Departamento de La Guajira y sus pueblos indígenas,3944,2018-08-04,https://colaboracion.dnp.gov.co/CDT/Conpes/Económicos/3944_ajustado.pdf,https://colaboracion.dnp.gov.co/CDT/Conpes/Económicos/Anexo A. Plan de Acción y Seguimiento_3944_ajustado.xlsx,|https://colaboracion.dnp.gov.co/CDT/Conpes/Económicos/Anexo B. Documento CONPES 3944.pdf|https://colaboracion.dnp.gov.co/CDT/Conpes/Económicos/3944_Adenda.pdf
4558,Política para le mejoramiento del aire,3943,2018-07-31,https://colaboracion.dnp.gov.co/CDT/Conpes/Económicos/3943.pdf,https://colaboracion.dnp.gov.co/CDT/Conpes/Económicos/Anexo A. Plan de Acción y Seguimiento_3943.xlsx,
4569,Contrato Plan para la Paz y el Posconflicto entre la nación y el departamento del Valle del Cauca,3941,2018-07-27,https://colaboracion.dnp.gov.co/CDT/Conpes/Económicos/3941.pdf,https://colaboracion.dnp.gov.co/CDT/Conpes/Económicos/Anexo A. Matriz de proyectos CPaz Valle del Cauca.xlsx,
4571,Contrato Plan para la Paz y el Posconflicto entre la nación y el departamento de Guainía,3942,2018-07-27,https://colaboracion.dnp.gov.co/CDT/Conpes/Económicos/3942.pdf,https://colaboracion.dnp.gov.co/CDT/Conpes/Económicos/Anexo A. Matriz de proyectos CPaz Guainía.xlsx,
4550,"Delimitación de la Zona de Interés de Desarrollo Rural, Económico y Social en el municipio de Puerto López (Meta)",3940,2018-07-17,https://colaboracion.dnp.gov.co/CDT/Conpes/Económicos/3940.pdf,https://colaboracion.dnp.gov.co/CDT/Conpes/Económicos/Anexo A_Documento CONPES 3940.pdf,|https://colaboracion.dnp.gov.co/CDT/Conpes/Económicos/Anexo B_Documento CONPES 3940.pdf
4548,"Declaración de importancia estratégica del proyecto de inversión ""Fortalecimiento de la Reducción del riesgo de desastres, en le marco de la Ley 1523 de 2012, por fenómeno de erosión costera en la ciudad de Cartagena""",3937,2018-07-13,https://colaboracion.dnp.gov.co/CDT/Conpes/Económicos/3937.pdf,https://colaboracion.dnp.gov.co/CDT/Conpes/Económicos/Anexo A. Plan de Acción y Seguimiento_3937.xlsx,
4568,"Plan Operativo Anual de Inversiones, vigencia 2019",3939,2018-07-13,https://colaboracion.dnp.gov.co/CDT/Conpes/Económicos/3939.pdf,,
4596,Marco de Gasto de Mediano Plazo 2019-2022,3938,2018-07-13,https://colaboracion.dnp.gov.co/CDT/Conpes/Económicos/3938.pdf,,
4540,Política de Crecimiento Verde,3934,2018-07-10,https://colaboracion.dnp.gov.co/CDT/Conpes/Económicos/3934.pdf,https://colaboracion.dnp.gov.co/CDT/Conpes/Económicos/Anexo A_Plan de Acción y Seguimiento (PAS)_3934.xlsx,|https://colaboracion.dnp.gov.co/CDT/Conpes/Económicos/Anexos Documento CONPES 3934.pdf
4539,"Concepto favorable a la Nación para otorgar garantía al Fondo Empresarial, creado por la Ley 812 de 2003, para contratar operaciones pasivas de crédito hasta por la suma de 735.000 millones de pesos y se modifica el Documento CONPES 3910 de 2017",3933,2018-07-05,https://colaboracion.dnp.gov.co/CDT/Conpes/Económicos/3933.pdf,,
4536,"Lineamientos para la articulación del Plan Marco de Implementación del Acuerdo Final con los instrumentos de planeación, programación y seguimiento a políticas públicas del orden nacional y territorial",3932,2018-06-29,https://colaboracion.dnp.gov.co/CDT/Conpes/Económicos/3932.pdf,https://colaboracion.dnp.gov.co/CDT/Conpes/Económicos/3932_Anexo A_Plan de Acción y Seguimiento (PAS).xlsx,|https://colaboracion.dnp.gov.co/CDT/Conpes/Económicos/3932_Anexo B_Plan Marco de Implementación (PMI).pdf
4543,Política Nacional para la Reincorporación Social y Económica de Exintegrantes de las FARC-EP,3931,2018-06-22,https://colaboracion.dnp.gov.co/CDT/Conpes/Económicos/3931.pdf,https://colaboracion.dnp.gov.co/CDT/Conpes/Económicos/Anexo A. Plan de Acción y Seguimiento_3931.xlsx,"|https://colaboracion.dnp.gov.co/CDT/Conpes/Económicos/Anexo B. PMI, capítulo 1, sección Fin del Conflicto.pdf"
4534,"Declaración de importancia estratégica del proyecto Construcción, adquisición, adecuación y mantenimiento de las sedes de la Escuela Superior de Administración Pública Nacional",3930,2018-06-15,https://colaboracion.dnp.gov.co/CDT/Conpes/Económicos/3930.pdf,https://colaboracion.dnp.gov.co/CDT/Conpes/Económicos/Plan de Acción y Seguimiento_3930.xlsx,
4611,Meta de Balance Primario y Nivel de Deuda del Sector Público No Financiero (SPNF),3929,2018-06-14,https://colaboracion.dnp.gov.co/CDT/Conpes/Económicos/3929.pdf,,
4527,Política de Adecuación de Tierras 2018-2038,3926,2018-05-23,https://colaboracion.dnp.gov.co/CDT/Conpes/Económicos/3926.pdf,https://colaboracion.dnp.gov.co/CDT/Conpes/Económicos/3926_Plan de Acción y Seguimiento (PAS).xlsx,
4530,Estrategia de Gestión del Portafolio de Empresas y Participaciones Accionarias de la Nación,3927,2018-05-23,https://colaboracion.dnp.gov.co/CDT/Conpes/Económicos/3927.pdf,https://colaboracion.dnp.gov.co/CDT/Conpes/Económicos/3927_Plan de Acción y Seguimiento PAS.xlsx,|https://colaboracion.dnp.gov.co/CDT/Conpes/Económicos/3927_Anexo B_Listado empresas portafolio Nación.xlsx
4521,"Concepto favorable a la nación para contratar un empréstito externo con la banca multilateral hasta por USD 18 millones, o su equivalente en otras monedas, destinado a financiar el Programa de Fortalecimiento de la Capacidad Institucional Defensoría",3925,2018-05-18,https://colaboracion.dnp.gov.co/CDT/Conpes/Económicos/3925.pdf,,
4517,"Declaración de importancia estratégica continuación obras Autopista Ruta del Sol, sector II ",3924,2018-05-10,https://colaboracion.dnp.gov.co/CDT/Conpes/Económicos/3924.pdf,https://colaboracion.dnp.gov.co/CDT/Conpes/Económicos/3924_PAS.xlsx,
4519,"Concepto favorable Nación para otorgar garantía a Empresa Metro de Bogotá para contratar operaciones crédito público interno o externo hasta por 7,8 billones de pesos constantes de diciembre de 2017 para PLMB-tramo1",3923,2018-05-08,https://colaboracion.dnp.gov.co/CDT/Conpes/Económicos/3923.pdf,https://colaboracion.dnp.gov.co/CDT/Conpes/Económicos/Anexo A_ 3923_Convenio Cofinanciacion.pdf,|https://colaboracion.dnp.gov.co/CDT/Conpes/Económicos/Adenda nro 1 Documento CONPES 3923.pdf
4515,Declaración de importancia estratégica del proyecto de Fortalecimiento Institucional de la Contraloría General de República-Préstamo BID Nacional,3922,2018-05-03,https://colaboracion.dnp.gov.co/CDT/Conpes/Económicos/3922.pdf,https://colaboracion.dnp.gov.co/CDT/Conpes/Económicos/3922_Anexo A_Plan de Acción y Seguimiento (PAS).xlsx,
4514,"Instrucciones a los representantes de la nación y sus entidades para la destinación de utilidades de las empresas industriales y comerciales del Estado societarias y las sociedades de economía mixta del orden nacional, con corte a 31 de diciembre de 2017",3921,2018-04-18,https://colaboracion.dnp.gov.co/CDT/Conpes/Económicos/3921.pdf,,
4511,Política Nacional de Explotación de Datos (Big Data),3920,2018-04-17,https://colaboracion.dnp.gov.co/CDT/Conpes/Económicos/3920.pdf,https://colaboracion.dnp.gov.co/CDT/Conpes/Económicos/3920_anexos.pdf,|https://colaboracion.dnp.gov.co/CDT/Conpes/Económicos/3920_Plan de Acción y Seguimiento (PAS).xlsx
4509,Política Nacional de Edificaciones Sostenibles,3919,2018-03-23,https://colaboracion.dnp.gov.co/CDT/Conpes/Económicos/3919.pdf,https://colaboracion.dnp.gov.co/CDT/Conpes/Económicos/3919_Plan de Acción y Seguimiento (PAS).xlsx,
4506,Estrategia para la implementación de los Objetivos de Desarrollo Sostenible (ODS) en Colombia,3918,2018-03-15,https://colaboracion.dnp.gov.co/CDT/Conpes/Económicos/3918.pdf,https://colaboracion.dnp.gov.co/CDT/Conpes/Económicos/3918_Plan de Acción y Seguimiento (PAS).xlsx,|https://colaboracion.dnp.gov.co/CDT/Conpes/Económicos/3918_anexos.pdf
4498,Declaración de importancia estratégica del proyecto Mejoramiento y mantenimiento carretera Santafé de Bogotá-Chiquinquirá-Bucaramanga-San Alberto de la Troncal Central. Cundinamarca-Santander-Norte de Santander - Construcción variante San Gil,3916,2018-02-07,https://colaboracion.dnp.gov.co/CDT/Conpes/Económicos/3916.pdf,https://colaboracion.dnp.gov.co/CDT/Conpes/Económicos/3916_PAS.xlsx,|https://colaboracion.dnp.gov.co/CDT/Conpes/Económicos/Anexo C. Acta de la audiencia pública recursos  Isagén departamento de Santander.pdf
4501,"Áreas de referencia como insumo para la identificación de las Zonas de Interés de Desarrollo Rural, Económico y Social (Zidres)",3917,2018-02-07,https://colaboracion.dnp.gov.co/CDT/Conpes/Económicos/3917.pdf,,
4502,Lineamientos de política y estrategias para el desarrollo regional sostenible del Macizo colombiano,3915,2018-01-16,https://colaboracion.dnp.gov.co/CDT/Conpes/Económicos/3915.pdf,https://colaboracion.dnp.gov.co/CDT/Conpes/Económicos/3915_PAS.xlsx,
4494,Modificación del Documento CONPES 3880 Declaración de importancia estratégica del proyecto de inversión Apoyo para fomentar el acceso con calidad a la educación superior a través de incentivos a la demanda en Colombia,3914,2018-01-05,https://colaboracion.dnp.gov.co/CDT/Conpes/Económicos/3914.pdf,https://colaboracion.dnp.gov.co/CDT/Conpes/Económicos/3914_Anexo_Plan de Acción y Seguimiento (PAS).xlsx,
4493,Reajuste de avalúos catastrales para la vigencia 2018,3913,2017-12-21,https://colaboracion.dnp.gov.co/CDT/Conpes/Económicos/3913.pdf,,
4492,"Distribución de los excedentes financieros de los establecimientos públicos y de las empresas industriales y comerciales del Estado no societarias, del orden nacional, al 31 de diciembre de 2016",3912,2017-12-15,https://colaboracion.dnp.gov.co/CDT/Conpes/Económicos/3912.pdf,,
4490,Proyectos de patrimonio cultural sumergido bajo el esquema de asociación público-privada de iniciativa privada: lineamientos para la distribución de riesgos,3911,2017-12-07,https://colaboracion.dnp.gov.co/CDT/Conpes/Económicos/3911.pdf,,
4489,"Concepto favorable a la nación para otorgar garantía al fondo empresarial, creado por la Ley 812 de 2003, para contratar operaciones pasivas de crédito interno hasta por la suma de 320.000 millones de pesos",3910,2017-11-27,https://colaboracion.dnp.gov.co/CDT/Conpes/Económicos/3910.pdf,,
4487,Declaración de importancia estratégica del Museo Nacional de la Memoria,3909,2017-11-20,https://colaboracion.dnp.gov.co/CDT/Conpes/Económicos/3909.pdf,https://colaboracion.dnp.gov.co/CDT/Conpes/Económicos/3909_PAS.xlsx,
4485,"Declaración de importancia estratégica del proyecto Construcción, adecuación y dotación de escenarios deportivos, recreativos, lúdicos y de actividad física en Colombia",3908,2017-11-07,https://colaboracion.dnp.gov.co/CDT/Conpes/Económicos/3908.pdf,https://colaboracion.dnp.gov.co/CDT/Conpes/Económicos/3908_PAS_.xlsx,
4477,"Concepto favorable a la nación para contratar un empréstito externo con la banca multilateral hasta por USD 40 millones, o su equivalente en otras monedas, destinado a financiar el Programa de Fortalecimiento de la Gestión Institucional de la PGN ",3907,2017-11-03,https://colaboracion.dnp.gov.co/CDT/Conpes/Económicos/3907.pdf,,
4481,Declaratoria importancia estratégica del proyecto Mejoramiento y mantenimiento de vías para la conectividad regional. Nación - para la ejecución del proyecto de infraestructura vial con impacto regional financiado con recursos de la enajenación de Isagén,3906,2017-11-03,https://colaboracion.dnp.gov.co/CDT/Conpes/Económicos/3906.pdf,https://colaboracion.dnp.gov.co/CDT/Conpes/Económicos/3906_PAS.xlsx,|https://colaboracion.dnp.gov.co/CDT/Conpes/Económicos/Anexo D_Actas audiencias.zip
4479,Modificación al Documento CONPES 3879  “Declaración de importancia estratégica del proyecto Implementación Obras para la Prosperidad a Nivel Nacional – FIP– y modificación al Documento CONPES 3777 Importancia estratégica del mismo proyecto,3905,2017-11-01,https://colaboracion.dnp.gov.co/CDT/Conpes/Económicos/3905.pdf,https://colaboracion.dnp.gov.co/CDT/Conpes/Económicos/3905_PAS.xlsx,
4467,"Declaratoria de importancia estratégica del proyecto Mejoramiento y Mantenimiento de Vías para la Conectividad Regional. nación (Programa estratégico de infraestructura para el transporte, enmarcado en el Contrato Plan Boyacá Bicentenario)",3903,2017-10-31,https://colaboracion.dnp.gov.co/CDT/Conpes/Económicos/3903.pdf,https://colaboracion.dnp.gov.co/CDT/Conpes/Económicos/3903_PAS.xlsx,
4469,"Plan para la Reconstrucción de Mocoa 2017-2022, concepto favorable a la nación para contratar un empréstito externo por USD 30 millones para financiar la implementación del Plan Maestro de Alcantarillado, y DIE del Plan Maestro de Alcantarillado",3904,2017-10-31,https://colaboracion.dnp.gov.co/CDT/Conpes/Económicos/3904.pdf,https://colaboracion.dnp.gov.co/CDT/Conpes/Económicos/3904_PAS.xlsx,
4465, Declaratoria de importancia estratégica del proyecto RegioTram de Occidente,3902,2017-10-27,https://colaboracion.dnp.gov.co/CDT/Conpes/Económicos/3902.pdf,https://colaboracion.dnp.gov.co/CDT/Conpes/Económicos/3902_PAS.xlsx,
4464,"Concepto favorable a la nación para contratar operaciones de crédito público externo hasta por la suma de USD 100 millones, o su equivalente en otras monedas, destinadas a financiar parcialmente el programa Colombia Sostenible",3901,2017-10-13,https://colaboracion.dnp.gov.co/CDT/Conpes/Económicos/3901.pdf,,
4463, Apoyo del Gobierno nacional al Sistema de transporte público de Bogotá y declaratoria de importancia estratégica del proyecto Primera Línea de Metro-tramo 1,3900,2017-09-25,https://colaboracion.dnp.gov.co/CDT/Conpes/Económicos/3900.pdf,https://colaboracion.dnp.gov.co/CDT/Conpes/Económicos/3900_PAS.xlsx,
4450, Actualización del Documento CONPES 3882 Apoyo del gobierno nacional a la política de movilidad de la Región Capital Bogotá-Cundinamarca y declaratoria de importancia estratégica del proyecto Sistema Integrado de Transporte Masivo – Soacha fases II y III,3899,2017-09-14,https://colaboracion.dnp.gov.co/CDT/Conpes/Económicos/3899.pdf,https://colaboracion.dnp.gov.co/CDT/Conpes/Económicos/3899_PAS.xlsx,
4448,"Capitalización de Colombia Telecomunicaciones S.A. E.S.P. para el prepago de la totalidad del contrato de explotación de bienes, activos y derechos celebrado con el Parapat y el pago de la totalidad del laudo arbitral",3898,2017-08-29,https://colaboracion.dnp.gov.co/CDT/Conpes/Económicos/3898.pdf,https://colaboracion.dnp.gov.co/CDT/Conpes/Económicos/PAS_3898.xlsx,|https://colaboracion.dnp.gov.co/CDT/Conpes/Económicos/3898_Adenda1.pdf
4441,Seguimiento de la Política Nacional de Transporte Urbano y Masivo: lineamientos para la redistribución de componentes cofinanciables de los SETP,3896,2017-08-22,https://colaboracion.dnp.gov.co/CDT/Conpes/Económicos/3896.pdf,https://colaboracion.dnp.gov.co/CDT/Conpes/Económicos/3896_PAS.xlsx,
4443,"Modificación del Documento CONPES 3848 Importancia estratégica del Programa de cobertura condicionada de tasa de interés para créditos de vivienda no VIS, FRECH no VIS",3897,2017-08-22,https://colaboracion.dnp.gov.co/CDT/Conpes/Económicos/3897.pdf,https://colaboracion.dnp.gov.co/CDT/Conpes/Económicos/3897_PAS.xlsx,
4434,"Actualización del Documento CONPES 3834 Lineamientos de política para estimular la inversión privada en ciencia, tecnología e innovación a través de deducciones tributarias",3892,2017-08-08,https://colaboracion.dnp.gov.co/CDT/Conpes/Económicos/3892.pdf,https://colaboracion.dnp.gov.co/CDT/Conpes/Económicos/3892_PAS.xlsx,
4436,Contrato plan para la paz y el posconflicto entre la nación y el departamento de Caquetá,3893,2017-08-08,https://colaboracion.dnp.gov.co/CDT/Conpes/Económicos/3893.pdf,https://colaboracion.dnp.gov.co/CDT/Conpes/Económicos/3893_AnexoA.Matriz-de-proyectos.xlsx,
4438,Contrato plan para la paz y el posconflicto entre la nación y el departamento de Guaviare,3894,2017-08-08,https://colaboracion.dnp.gov.co/CDT/Conpes/Económicos/3894.pdf,https://colaboracion.dnp.gov.co/CDT/Conpes/Económicos/3894_AnexoA.Matriz-de-proyectos.xlsx,
4440,Contrato plan para la paz y el posconflicto entre la nación y el departamento de Meta,3895,2017-08-08,https://colaboracion.dnp.gov.co/CDT/Conpes/Económicos/3895.pdf,https://colaboracion.dnp.gov.co/CDT/Conpes/Económicos/3895_AnexoA.Matriz-de-proyectos.xlsx,
4505,Marco de Gasto de Mediano Plazo 2018-2021,3890,2017-07-14,https://colaboracion.dnp.gov.co/CDT/Conpes/Económicos/3890.pdf,,
4560,"Plan Operativo de Inversiones, vigencia 2018",3891,2017-07-14,https://colaboracion.dnp.gov.co/CDT/Conpes/Económicos/3891.pdf,,
4429,Declaración de importancia estratégica del proyecto Vías para el Chocó: Transversal Quibdó-Medellín y Transversal Central del Pacífico,3889,2017-06-16,https://colaboracion.dnp.gov.co/CDT/Conpes/Económicos/3889.pdf,https://colaboracion.dnp.gov.co/CDT/Conpes/Económicos/3889_PAS.xlsx,
4533,Meta de balance primario y nivel de deuda del sector público no financiero (SPNF) para 2018,3888,2017-06-14,https://colaboracion.dnp.gov.co/CDT/Conpes/Económicos/3888.pdf,,
4425,"Distribución de los recursos del Sistema General de Participaciones para la atención integral de la primera infancia, vigencia 2017",3887,2017-05-30,https://colaboracion.dnp.gov.co/CDT/Conpes/Económicos/3887.pdf,https://colaboracion.dnp.gov.co/CDT/Conpes/Económicos/3887_AnexoC_Dist-SGP-primera-infancia-2017.xlsx,
4421,Contrato plan para la paz y el posconflicto entre la nación y los departamentos de Bolívar y Sucre,3885,2017-05-08,https://colaboracion.dnp.gov.co/CDT/Conpes/Económicos/3885.pdf,https://colaboracion.dnp.gov.co/CDT/Conpes/Económicos/3885_AnexoA.Matriz-de-proyectos.xlsx,
4432,Lineamientos de política y Programa Nacional de Pago por Servicios Ambientales para la construcción de paz y su Plan de Acción y Seguimiento (PSA),3886,2017-05-08,https://colaboracion.dnp.gov.co/CDT/Conpes/Económicos/3886.pdf,https://colaboracion.dnp.gov.co/CDT/Conpes/Económicos/3886_PAS.xlsx,
4418,"Instrucciones a los representantes de la nación y sus entidades para la destinación de utilidades de las empresas industriales y comerciales del Estado societarias y las sociedades de economía mixta del orden nacional, con corte a 31 de diciembre de 2016",3884,2017-04-28,https://colaboracion.dnp.gov.co/CDT/Conpes/Económicos/3884.pdf,,
4415,"Adopción de la medida correctiva de asunción temporal de la competencia de la prestación de los servicios de salud, educación, alimentación escolar, y agua potable y saneamiento básico en el departamento de La Guajira, en aplicación del Decreto 028/2008",3883,2017-02-21,https://colaboracion.dnp.gov.co/CDT/Conpes/Económicos/3883.pdf,https://colaboracion.dnp.gov.co/CDT/Conpes/Económicos/3883_AnexoD.Informe-de-seguimiento-del-sector-de-agua-potable-y-saneamiento-basico.pdf,
4404,Apoyo del Gobierno nacional a la política de movilidad de la región capital Bogotá-Cundinamarca y declaratoria de importancia estratégica del proyecto Sistema integrado de transporte masivo – Soacha fases II y III,3882,2017-01-10,https://colaboracion.dnp.gov.co/CDT/Conpes/Económicos/3882.pdf,https://colaboracion.dnp.gov.co/CDT/Conpes/Económicos/3882_PAS.xlsx,
